geneID	term	Estimate	Std.Error	t.value	p.value	fdr	DNA Accession	AMR Gene Family	Drug Class	Resistance Mechanism
A1A317	Western Healthy adults	-0.12562887749173648	0.049632037691455806	-2.5312053128409757	0.013352292268418563	0.017331598503502462	AP009256	rifamycin-resistant beta-subunit of RNA polymerase (rpoB)	rifamycin antibiotic	antibiotic target alteration;antibiotic target replacement
AAA20117.1	Western Healthy adults	-0.8948493637763466	0.05838730738871133	-15.326094039906998	2.2209002892330187e-25	1.7100932227094244e-23	L20800	tetracycline-resistant ribosomal protection protein	tetracycline antibiotic	antibiotic target protection
AAA21532.1	Western Healthy adults	3.2194084950597968	0.38381926606112793	8.387824113412448	1.5272317736344088e-12	1.4699605821231184e-11	U05883	cepA beta-lactamase	cephalosporin	antibiotic inactivation
AAA23033.2	Western Healthy adults	1.6201220059634827	0.12844379230352526	12.613470662209783	1.2911389146915543e-20	4.970884821562484e-19	M18896.2	tetracycline-resistant ribosomal protection protein	tetracycline antibiotic	antibiotic target protection
AAA25550.1	Western Healthy adults	-1.137138563154696	0.14510076766125257	-7.836888677318523	1.8108531827549594e-11	1.3279590006869702e-10	J03306	trimethoprim resistant dihydrofolate reductase dfr	diaminopyrimidine antibiotic	antibiotic target replacement
AAA26793	Western Healthy adults	-0.5399587433326464	0.05556818779757844	-9.717047914169639	3.900691935570383e-15	5.4609687097985366e-14	L06249	ATP-binding cassette (ABC) antibiotic efflux pump	macrolide antibiotic;fluoroquinolone antibiotic;cephalosporin;penam;tetracycline antibiotic;peptide antibiotic;acridine dye;rifamycin antibiotic;pleuromutilin antibiotic;nitroimidazole antibiotic	antibiotic efflux
AAA26832.1	Western Healthy adults	-0.8745159430893417	0.04728251936969288	-18.495544542617758	1.9466936474936972e-30	2.9979082171402935e-28	M57437	ABC-F ATP-binding cassette ribosomal protection protein	macrolide antibiotic;lincosamide antibiotic;streptogramin antibiotic;tetracycline antibiotic;oxazolidinone antibiotic;phenicol antibiotic;pleuromutilin antibiotic	antibiotic target protection
AAA27459.1	Western Healthy adults	-1.996844377289412	0.7084490216424129	-2.818614065780039	0.006092800516210878	0.008443698641418564	M72415.1	ANT(6)	aminoglycoside antibiotic	antibiotic inactivation
AAA50325.1	Western Healthy adults	-0.3227027786305774	0.07222064039027691	-4.468290185280924	2.5992739369277775e-5	5.718402661241111e-5	L36601	ABC-F ATP-binding cassette ribosomal protection protein	macrolide antibiotic;lincosamide antibiotic;streptogramin antibiotic;tetracycline antibiotic;oxazolidinone antibiotic;phenicol antibiotic;pleuromutilin antibiotic	antibiotic target protection
AAA65953.1	Western Healthy adults	0.3668185761973836	0.05719946518819171	6.412972131653949	9.667764644347716e-9	4.6526117350923384e-8	M97297	glycopeptide resistance gene cluster;vanR	glycopeptide antibiotic	antibiotic target alteration
AAA65954.1	Western Healthy adults	0.3852247800013541	0.10180637721920735	3.7838963582005887	2.9899524956011604e-4	5.173625666545828e-4	M97297	vanS;glycopeptide resistance gene cluster	glycopeptide antibiotic	antibiotic target alteration
AAA86871.1	Western Healthy adults	-0.4751463528620981	0.10126378958861908	-4.692164442910591	1.1165003260272222e-5	2.6452469262798802e-5	U19459	streptogramin vat acetyltransferase	streptogramin antibiotic	antibiotic inactivation
AAA88675.1	Western Healthy adults	-1.574417181791373	0.6114731178719182	-2.574793782056593	0.011897075534296803	0.015659398566510323	M17124	Erm 23S ribosomal RNA methyltransferase	macrolide antibiotic;lincosamide antibiotic;streptogramin antibiotic	antibiotic target alteration
AAA99504.1	Western Healthy adults	0.25345610858140794	0.06333494613701998	4.00183664849223	1.4079075727161728e-4	2.5811638833129834e-4	L20573	ATP-binding cassette (ABC) antibiotic efflux pump	macrolide antibiotic;fluoroquinolone antibiotic;cephalosporin;penam;tetracycline antibiotic;peptide antibiotic;acridine dye;rifamycin antibiotic;pleuromutilin antibiotic;nitroimidazole antibiotic	antibiotic efflux
AAB05622.1	Western Healthy adults	0.6721220277109787	0.09306036729292029	7.22243042084051	2.798025414343853e-10	1.795399640870639e-9	U35369	glycopeptide resistance gene cluster;vanR	glycopeptide antibiotic	antibiotic target alteration
AAB41957.1	Western Healthy adults	0.590326119834583	0.1299122645232298	4.544036869813981	1.957477966382429e-5	4.567448588225668e-5	U57969	resistance-nodulation-cell division (RND) antibiotic efflux pump	macrolide antibiotic;fluoroquinolone antibiotic;monobactam;aminoglycoside antibiotic;carbapenem;cephalosporin;glycylcycline;penam;tetracycline antibiotic;acridine dye;aminocoumarin antibiotic;diaminopyrimidine antibiotic;phenicol antibiotic;triclosan;antibacterial free fatty acids	antibiotic efflux
AAB58161.1	Western Healthy adults	0.5800166520307936	0.15990442753731446	3.62727074517961	5.058684461621759e-4	8.376746312793021e-4	U97042	resistance-nodulation-cell division (RND) antibiotic efflux pump	macrolide antibiotic;fluoroquinolone antibiotic;monobactam;aminoglycoside antibiotic;carbapenem;glycylcycline;penam;tetracycline antibiotic;acridine dye;aminocoumarin antibiotic;diaminopyrimidine antibiotic;phenicol antibiotic;triclosan;antibacterial free fatty acids	antibiotic efflux
AAB95639.1	Western Healthy adults	-0.6464219774558851	0.08318829473339194	-7.770588152186393	2.4363739557379342e-11	1.705461769016554e-10	U82085	ABC-F ATP-binding cassette ribosomal protection protein	macrolide antibiotic;lincosamide antibiotic;streptogramin antibiotic;tetracycline antibiotic;oxazolidinone antibiotic;phenicol antibiotic;pleuromutilin antibiotic	antibiotic target protection
AAC32027.1	Western Healthy adults	-0.607986289558093	0.06151935436118885	-9.882845746210522	1.8599153181538242e-15	2.864269589956889e-14	M80346	ABC-F ATP-binding cassette ribosomal protection protein	macrolide antibiotic;lincosamide antibiotic;streptogramin antibiotic;tetracycline antibiotic;oxazolidinone antibiotic;phenicol antibiotic;pleuromutilin antibiotic	antibiotic target protection
AAC73565.1	Western Healthy adults	-2.3826814903313362	0.40151220450959263	-5.934269154387338	7.448392422650259e-8	3.0185590344424733e-7	U00096.3	resistance-nodulation-cell division (RND) antibiotic efflux pump	macrolide antibiotic;fluoroquinolone antibiotic;monobactam;aminoglycoside antibiotic;carbapenem;cephalosporin;glycylcycline;penam;tetracycline antibiotic;acridine dye;aminocoumarin antibiotic;rifamycin antibiotic;diaminopyrimidine antibiotic;phenicol antibiotic;triclosan;antibacterial free fatty acids	antibiotic efflux
AAC73788.1	Western Healthy adults	0.28031657276436744	0.05662492360394867	4.950409729909462	4.109338752961422e-6	1.150614850829198e-5	U00096.3	kdpDE	aminoglycoside antibiotic	antibiotic efflux
AAC74000.1	Western Healthy adults	-0.34199022191193373	0.03270434435721823	-10.457027304277773	1.449485499662873e-16	2.4802307438675826e-15	U00096.3	ATP-binding cassette (ABC) antibiotic efflux pump	macrolide antibiotic;fluoroquinolone antibiotic;cephalosporin;penam;tetracycline antibiotic;peptide antibiotic;acridine dye;rifamycin antibiotic;pleuromutilin antibiotic;nitroimidazole antibiotic	antibiotic efflux
AAC74149.2	Western Healthy adults	-2.6559102522839257	0.5940365392154531	-4.470954355419953	2.573584789659187e-5	5.718402661241111e-5	U00096	major facilitator superfamily (MFS) antibiotic efflux pump	macrolide antibiotic;fluoroquinolone antibiotic;lincosamide antibiotic;fosfomycin;cephalosporin;glycylcycline;bicyclomycin;penam;nucleoside antibiotic;tetracycline antibiotic;peptide antibiotic;acridine dye;oxazolidinone antibiotic;rifamycin antibiotic;diaminopyrimidine antibiotic;phenicol antibiotic;isoniazid;benzalkonium chloride;rhodamine;antibacterial free fatty acids;nitroimidazole antibiotic	antibiotic efflux
AAC75135.2	Western Healthy adults	-2.4908135409908674	0.5879453411563699	-4.236471261243332	6.095066467195115e-5	1.251520314597397e-4	U00096	resistance-nodulation-cell division (RND) antibiotic efflux pump	macrolide antibiotic;fluoroquinolone antibiotic;monobactam;aminoglycoside antibiotic;carbapenem;glycylcycline;penam;tetracycline antibiotic;acridine dye;aminocoumarin antibiotic;diaminopyrimidine antibiotic;phenicol antibiotic;triclosan;antibacterial free fatty acids	antibiotic efflux
AAC75136.1	Western Healthy adults	-1.3009288595602637	0.29544419938454175	-4.40329802470419	3.308773708951394e-5	6.980152755870064e-5	U00096	resistance-nodulation-cell division (RND) antibiotic efflux pump	macrolide antibiotic;fluoroquinolone antibiotic;monobactam;aminoglycoside antibiotic;carbapenem;glycylcycline;penam;tetracycline antibiotic;acridine dye;aminocoumarin antibiotic;diaminopyrimidine antibiotic;phenicol antibiotic;triclosan;antibacterial free fatty acids	antibiotic efflux
AAC75137.1	Western Healthy adults	-0.483547465453055	0.2041349315414229	-2.3687639435435575	0.020290406059340654	0.025404248236898054	U00096	resistance-nodulation-cell division (RND) antibiotic efflux pump	macrolide antibiotic;fluoroquinolone antibiotic;monobactam;aminoglycoside antibiotic;carbapenem;glycylcycline;penam;tetracycline antibiotic;acridine dye;aminocoumarin antibiotic;diaminopyrimidine antibiotic;phenicol antibiotic;triclosan;antibacterial free fatty acids	antibiotic efflux
AAC75271.1	Western Healthy adults	-0.7148503010526016	0.1138644847326336	-6.278079620095319	1.7269125061724668e-8	7.821897822075291e-8	U00096.3	ATP-binding cassette (ABC) antibiotic efflux pump	macrolide antibiotic;fluoroquinolone antibiotic;cephalosporin;penam;tetracycline antibiotic;peptide antibiotic;acridine dye;rifamycin antibiotic;pleuromutilin antibiotic;nitroimidazole antibiotic	antibiotic efflux
AAC75314.1	Western Healthy adults	-0.8930890484915033	0.10794099505175343	-8.27386340160476	2.5491671473687285e-12	2.3092455334987304e-11	U00096	pmr phosphoethanolamine transferase	peptide antibiotic	antibiotic target alteration
AAC75429.1	Western Healthy adults	-0.7997564619900502	0.24311764877169578	-3.289586198413249	0.0015002241988493752	0.002310345266228038	U00096	major facilitator superfamily (MFS) antibiotic efflux pump;resistance-nodulation-cell division (RND) antibiotic efflux pump	macrolide antibiotic;fluoroquinolone antibiotic;monobactam;aminoglycoside antibiotic;lincosamide antibiotic;carbapenem;fosfomycin;cephalosporin;glycylcycline;bicyclomycin;penam;nucleoside antibiotic;tetracycline antibiotic;peptide antibiotic;acridine dye;oxazolidinone antibiotic;aminocoumarin antibiotic;rifamycin antibiotic;diaminopyrimidine antibiotic;phenicol antibiotic;isoniazid;triclosan;benzalkonium chloride;rhodamine;antibacterial free fatty acids;nitroimidazole antibiotic	antibiotic efflux
AAC75733.1	Western Healthy adults	-1.1674233215390288	0.3063011893650362	-3.811357454925666	2.722933203975828e-4	4.765133106957699e-4	U00096	major facilitator superfamily (MFS) antibiotic efflux pump	macrolide antibiotic;fluoroquinolone antibiotic;lincosamide antibiotic;fosfomycin;cephalosporin;glycylcycline;bicyclomycin;penam;nucleoside antibiotic;tetracycline antibiotic;peptide antibiotic;acridine dye;oxazolidinone antibiotic;rifamycin antibiotic;diaminopyrimidine antibiotic;phenicol antibiotic;isoniazid;benzalkonium chloride;rhodamine;antibacterial free fatty acids;nitroimidazole antibiotic	antibiotic efflux
AAC76093.1	Western Healthy adults	-0.36593420734625426	0.06818186732754063	-5.367031172501239	7.793159413013104e-7	2.5535032970298255e-6	U00096.3	undecaprenyl pyrophosphate related proteins	peptide antibiotic	antibiotic target alteration
AAC76297.1	Western Healthy adults	-1.798788717315947	0.3632259809238374	-4.952257855401384	4.079681443799767e-6	1.150614850829198e-5	U00096	resistance-nodulation-cell division (RND) antibiotic efflux pump	macrolide antibiotic;fluoroquinolone antibiotic;monobactam;aminoglycoside antibiotic;carbapenem;cephalosporin;glycylcycline;cephamycin;penam;tetracycline antibiotic;acridine dye;aminocoumarin antibiotic;diaminopyrimidine antibiotic;phenicol antibiotic;triclosan;antibacterial free fatty acids	antibiotic efflux
AAC77293.1	Western Healthy adults	-3.774026210281239	0.5443130348859775	-6.9335583908473195	1.0009459811058952e-9	5.7852985222024295e-9	U00096.3	major facilitator superfamily (MFS) antibiotic efflux pump	macrolide antibiotic;fluoroquinolone antibiotic;lincosamide antibiotic;fosfomycin;cephalosporin;glycylcycline;bicyclomycin;penam;nucleoside antibiotic;tetracycline antibiotic;peptide antibiotic;acridine dye;oxazolidinone antibiotic;rifamycin antibiotic;diaminopyrimidine antibiotic;phenicol antibiotic;isoniazid;benzalkonium chloride;rhodamine;antibacterial free fatty acids;nitroimidazole antibiotic	antibiotic efflux
AAD23513.1	Western Healthy adults	1.2320171366054924	0.5325437400919649	2.313457175165998	0.023298792474540784	0.02893559710547807	AF118110.1	CfxA beta-lactamase	cephamycin	antibiotic inactivation
AAD51345.1	Western Healthy adults	0.7670397496483488	0.09698458127469956	7.908883448965789	1.3117087006729154e-11	1.0100156995181448e-10	AF173226	resistance-nodulation-cell division (RND) antibiotic efflux pump	macrolide antibiotic;fluoroquinolone antibiotic;monobactam;aminoglycoside antibiotic;carbapenem;cephalosporin;glycylcycline;cephamycin;penam;tetracycline antibiotic;acridine dye;aminocoumarin antibiotic;diaminopyrimidine antibiotic;phenicol antibiotic;triclosan;antibacterial free fatty acids	antibiotic efflux
AAD51348.1	Western Healthy adults	-0.13249179519806734	0.036051519107426745	-3.6750683044247516	4.314750474570013e-4	7.301885418503098e-4	AF173226.1	resistance-nodulation-cell division (RND) antibiotic efflux pump	macrolide antibiotic;fluoroquinolone antibiotic;monobactam;aminoglycoside antibiotic;carbapenem;cephalosporin;glycylcycline;cephamycin;penam;tetracycline antibiotic;acridine dye;aminocoumarin antibiotic;diaminopyrimidine antibiotic;phenicol antibiotic;triclosan;antibacterial free fatty acids	antibiotic efflux
AAF01499.1	Western Healthy adults	-0.1545368378048892	0.04591294660187918	-3.3658662587028148	0.0011803515528905494	0.0018548381545422919	L42544	tetracycline-resistant ribosomal protection protein	tetracycline antibiotic	antibiotic target protection
AAF40763.1	Western Healthy adults	-1.4984474010415654	0.18338772732243988	-8.17092519177651	4.04813283391164e-12	3.281118191696802e-11	AE002098.2	major facilitator superfamily (MFS) antibiotic efflux pump	macrolide antibiotic;fluoroquinolone antibiotic;lincosamide antibiotic;fosfomycin;cephalosporin;glycylcycline;bicyclomycin;penam;nucleoside antibiotic;tetracycline antibiotic;peptide antibiotic;acridine dye;oxazolidinone antibiotic;rifamycin antibiotic;diaminopyrimidine antibiotic;phenicol antibiotic;isoniazid;benzalkonium chloride;rhodamine;antibacterial free fatty acids;nitroimidazole antibiotic	antibiotic efflux
AAF67494.2	Western Healthy adults	-0.2756747826961305	0.06163422974732067	-4.472754568789179	2.5563657818114202e-5	5.718402661241111e-5	AF170880	ATP-binding cassette (ABC) antibiotic efflux pump	macrolide antibiotic;fluoroquinolone antibiotic;cephalosporin;penam;tetracycline antibiotic;peptide antibiotic;acridine dye;aminocoumarin antibiotic;rifamycin antibiotic;pleuromutilin antibiotic;nitroimidazole antibiotic	antibiotic efflux
AAF86220.1	Western Healthy adults	0.3472370177781388	0.09903465739270356	3.506217186183972	7.525550308730253e-4	0.0012199313132046936	AF242872	streptogramin vat acetyltransferase	streptogramin antibiotic	antibiotic inactivation
AAF86641.1	Western Healthy adults	0.4419292124454521	0.0738518869993345	5.983993509190015	6.038921220711439e-8	2.5833162999710044e-7	AF162694	glycopeptide resistance gene cluster;vanR	glycopeptide antibiotic	antibiotic target alteration
AAG05882.1	Western Healthy adults	1.0406565226019546	0.15015515672129126	6.930541350195232	1.014305585061465e-9	5.7852985222024295e-9	AE004091.2	resistance-nodulation-cell division (RND) antibiotic efflux pump	macrolide antibiotic;fluoroquinolone antibiotic;monobactam;aminoglycoside antibiotic;carbapenem;glycylcycline;penam;tetracycline antibiotic;acridine dye;aminocoumarin antibiotic;diaminopyrimidine antibiotic;phenicol antibiotic;triclosan;antibacterial free fatty acids	antibiotic efflux
AAG06942.1	Western Healthy adults	-0.4964599600666098	0.08588468039315007	-5.780541509777873	1.4193100491316151e-7	5.331067013811432e-7	AE004091.2	pmr phosphoethanolamine transferase	peptide antibiotic	antibiotic target alteration
AAG07763.1	Western Healthy adults	0.8839339836382653	0.16770909873729165	5.27063820802535	1.1507710344341218e-6	3.474877241232446e-6	NC_002516.2	resistance-nodulation-cell division (RND) antibiotic efflux pump	macrolide antibiotic;fluoroquinolone antibiotic;monobactam;aminoglycoside antibiotic;carbapenem;glycylcycline;penam;tetracycline antibiotic;acridine dye;aminocoumarin antibiotic;diaminopyrimidine antibiotic;phenicol antibiotic;triclosan;antibacterial free fatty acids	antibiotic efflux
AAK37619.1	Western Healthy adults	-0.40634869022181574	0.08632982075279945	-4.70693309308926	1.055202644005161e-5	2.5390813621374185e-5	AF353562.1	ATP-binding cassette (ABC) antibiotic efflux pump	macrolide antibiotic;fluoroquinolone antibiotic;cephalosporin;penam;tetracycline antibiotic;peptide antibiotic;acridine dye;rifamycin antibiotic;pleuromutilin antibiotic;nitroimidazole antibiotic	antibiotic efflux
AAK76136.1	Western Healthy adults	-0.23586883969363417	0.0732110410211878	-3.22176595775181	0.0018513362639631012	0.0028228295509932434	AE005672.3	ATP-binding cassette (ABC) antibiotic efflux pump	macrolide antibiotic;fluoroquinolone antibiotic;cephalosporin;penam;tetracycline antibiotic;peptide antibiotic;acridine dye;rifamycin antibiotic;pleuromutilin antibiotic;nitroimidazole antibiotic	antibiotic efflux
AAK76137.1	Western Healthy adults	-0.36870394138523527	0.07517148447366484	-4.9048378380023205	4.91098158426496e-6	1.3039502827186274e-5	AE005672.3	ATP-binding cassette (ABC) antibiotic efflux pump	macrolide antibiotic;fluoroquinolone antibiotic;cephalosporin;penam;tetracycline antibiotic;peptide antibiotic;acridine dye;rifamycin antibiotic;pleuromutilin antibiotic;nitroimidazole antibiotic	antibiotic efflux
AAL14440.1	Western Healthy adults	0.28191526149833507	0.13322913129774422	2.1160181617359863	0.03749260882405277	0.044758618286078494	AF370885.1	resistance-nodulation-cell division (RND) antibiotic efflux pump	macrolide antibiotic;fluoroquinolone antibiotic;monobactam;aminoglycoside antibiotic;carbapenem;glycylcycline;penam;tetracycline antibiotic;acridine dye;aminocoumarin antibiotic;diaminopyrimidine antibiotic;phenicol antibiotic;triclosan;antibacterial free fatty acids	antibiotic efflux
AAL19305.1	Western Healthy adults	0.8851385701241854	0.15004268988234337	5.899244880362187	8.631379340203731e-8	3.408288252285576e-7	AE006468.2	resistance-nodulation-cell division (RND) antibiotic efflux pump	macrolide antibiotic;fluoroquinolone antibiotic;monobactam;aminoglycoside antibiotic;carbapenem;cephalosporin;glycylcycline;cephamycin;penam;tetracycline antibiotic;acridine dye;aminocoumarin antibiotic;diaminopyrimidine antibiotic;phenicol antibiotic;triclosan;penem;antibacterial free fatty acids	antibiotic efflux
AAL27445.1	Western Healthy adults	0.20029866322612214	0.07934022824593308	2.5245536552434773	0.013587942058844922	0.017437858975517653	FJ872411	glycopeptide resistance gene cluster;vanR	glycopeptide antibiotic	antibiotic target alteration
AAM09850.1	Western Healthy adults	-0.29233332972857684	0.10073130910539875	-2.902109903314153	0.004801339496573288	0.006721875295202602	AY082011	vanH;glycopeptide resistance gene cluster	glycopeptide antibiotic	antibiotic target alteration
AAM09851.1	Western Healthy adults	0.5768226297338793	0.11807038991878549	4.885413100868438	5.297329821468789e-6	1.3596479875103226e-5	AY082011	glycopeptide resistance gene cluster;vanR	glycopeptide antibiotic	antibiotic target alteration
AAN28945	Western Healthy adults	-0.6659127721370697	0.11978740480302168	-5.5591217894076275	3.5541025583167476e-7	1.2439358954108617e-6	AY152390	murA transferase	fosfomycin	antibiotic target alteration
AAO47226.2	Western Healthy adults	-0.2369974321101501	0.044342386350424375	-5.344715330321457	8.531289130688451e-7	2.7371219294292118e-6	AF235050.4	aminocoumarin resistant parY;aminocoumarin self resistant parY	aminocoumarin antibiotic	antibiotic target alteration
AAP43110.2	Western Healthy adults	0.3640082348554542	0.12927200098512312	2.815831982807669	0.0061408717392135	0.008443698641418564	EU370913.1	resistance-nodulation-cell division (RND) antibiotic efflux pump	macrolide antibiotic;fluoroquinolone antibiotic;monobactam;aminoglycoside antibiotic;carbapenem;glycylcycline;penam;tetracycline antibiotic;acridine dye;aminocoumarin antibiotic;diaminopyrimidine antibiotic;phenicol antibiotic;triclosan;antibacterial free fatty acids;nitrofuran antibiotic	antibiotic efflux
AAV85982.1	Western Healthy adults	-0.5103693765613065	0.044782803336796274	-11.3965481955873	2.3548402066932896e-18	5.180648454725237e-17	AY768532	ATP-binding cassette (ABC) antibiotic efflux pump	macrolide antibiotic;fluoroquinolone antibiotic;cephalosporin;penam;tetracycline antibiotic;peptide antibiotic;acridine dye;rifamycin antibiotic;pleuromutilin antibiotic;nitroimidazole antibiotic	antibiotic efflux
ABA71727.1	Western Healthy adults	0.35433885626975037	0.09260106715669773	3.826509425319527	2.5855134110416654e-4	4.576655922993293e-4	DQ212986	glycopeptide resistance gene cluster;vanR	glycopeptide antibiotic	antibiotic target alteration
ABA71731.1	Western Healthy adults	-0.34037741026092594	0.1561285152105388	-2.1801104673411396	0.03222627412674756	0.0390775292560561	DQ212986	glycopeptide resistance gene cluster;van ligase	glycopeptide antibiotic	antibiotic target alteration
ABA71733.1	Western Healthy adults	-0.406194425802194	0.09150451648771703	-4.439064227575247	2.8979074492023005e-5	6.285602072917666e-5	DQ212986	glycopeptide resistance gene cluster;vanT	glycopeptide antibiotic	antibiotic target alteration
ABD30512.1	Western Healthy adults	-0.278600176178156	0.05453672954073503	-5.108487042114647	2.2019074172858806e-6	6.3979951370193505e-6	CP000253.1	major facilitator superfamily (MFS) antibiotic efflux pump	macrolide antibiotic;fluoroquinolone antibiotic;lincosamide antibiotic;fosfomycin;cephalosporin;glycylcycline;bicyclomycin;penam;nucleoside antibiotic;tetracycline antibiotic;peptide antibiotic;acridine dye;oxazolidinone antibiotic;rifamycin antibiotic;diaminopyrimidine antibiotic;phenicol antibiotic;isoniazid;benzalkonium chloride;rhodamine;antibacterial free fatty acids;nitroimidazole antibiotic	antibiotic efflux
ABH10964.1	Western Healthy adults	-0.4076897614958312	0.0964004014641898	-4.22912929099447	6.259332190366483e-5	1.2683383648900504e-4	DQ823382	ABC-F ATP-binding cassette ribosomal protection protein	macrolide antibiotic;lincosamide antibiotic;streptogramin antibiotic;tetracycline antibiotic;oxazolidinone antibiotic;phenicol antibiotic;pleuromutilin antibiotic	antibiotic target protection
ABO11759.2	Western Healthy adults	-1.4058183815539729	0.3848186291472977	-3.653197311858479	4.6412314595058364e-4	7.769017877868466e-4	CP000521.1	major facilitator superfamily (MFS) antibiotic efflux pump	macrolide antibiotic;fluoroquinolone antibiotic;lincosamide antibiotic;fosfomycin;cephalosporin;glycylcycline;bicyclomycin;penam;nucleoside antibiotic;tetracycline antibiotic;peptide antibiotic;acridine dye;oxazolidinone antibiotic;rifamycin antibiotic;diaminopyrimidine antibiotic;phenicol antibiotic;isoniazid;benzalkonium chloride;rhodamine;antibacterial free fatty acids;nitroimidazole antibiotic	antibiotic efflux
ABV18113.1	Western Healthy adults	-2.2319434748942726	0.4638479640580329	-4.811799658163488	7.049155846455232e-6	1.750919355409848e-5	CP000800.1	major facilitator superfamily (MFS) antibiotic efflux pump	macrolide antibiotic;fluoroquinolone antibiotic;lincosamide antibiotic;fosfomycin;cephalosporin;glycylcycline;bicyclomycin;penam;nucleoside antibiotic;tetracycline antibiotic;peptide antibiotic;acridine dye;oxazolidinone antibiotic;rifamycin antibiotic;diaminopyrimidine antibiotic;phenicol antibiotic;isoniazid;benzalkonium chloride;rhodamine;antibacterial free fatty acids;nitroimidazole antibiotic	antibiotic efflux
ABX54687.1	Western Healthy adults	-0.2941989447179667	0.09993124573557706	-2.9440135820625257	0.0042530727851632175	0.006064566749214217	EU250284	glycopeptide resistance gene cluster;van ligase	glycopeptide antibiotic	antibiotic target alteration
ABX54691.1	Western Healthy adults	0.4980952997396643	0.08556932584709702	5.820956222440105	1.1986943148323627e-7	4.6149731121045967e-7	EU250284	glycopeptide resistance gene cluster;vanR	glycopeptide antibiotic	antibiotic target alteration
ACB05808.1	Western Healthy adults	-0.5168602359735456	0.14733689682073398	-3.5080163022736506	7.481707017848792e-4	0.0012199313132046936	EU294228.1	ABC-F ATP-binding cassette ribosomal protection protein	macrolide antibiotic;lincosamide antibiotic;streptogramin antibiotic;tetracycline antibiotic;oxazolidinone antibiotic;phenicol antibiotic;pleuromutilin antibiotic	antibiotic target protection
ACH87088.1	Western Healthy adults	0.5736535368441201	0.10171865422901182	5.639609973138091	2.5496605657311244e-7	9.348755407680789e-7	EU722333.1	tetracycline-resistant ribosomal protection protein	tetracycline antibiotic	antibiotic target protection
ACL82957.1	Western Healthy adults	-0.17675433527727102	0.06082550868892084	-2.905924489365861	0.004748856271457053	0.006709393264260424	FJ349556	glycopeptide resistance gene cluster;vanR	glycopeptide antibiotic	antibiotic target alteration
ACL82960.1	Western Healthy adults	-0.7147284149777491	0.12968389000012776	-5.511312276158935	4.3255054747069543e-7	1.4802840957886021e-6	FJ349556	vanH;glycopeptide resistance gene cluster	glycopeptide antibiotic	antibiotic target alteration
ACN32294.1	Western Healthy adults	-3.538392648044659	0.5262572128203254	-6.723694349159896	2.509863263720824e-9	1.3328239400448516e-8	FJ768952	ATP-binding cassette (ABC) antibiotic efflux pump;major facilitator superfamily (MFS) antibiotic efflux pump;resistance-nodulation-cell division (RND) antibiotic efflux pump	macrolide antibiotic;fluoroquinolone antibiotic;monobactam;aminoglycoside antibiotic;lincosamide antibiotic;carbapenem;fosfomycin;cephalosporin;glycylcycline;cephamycin;bicyclomycin;penam;nucleoside antibiotic;tetracycline antibiotic;peptide antibiotic;acridine dye;oxazolidinone antibiotic;aminocoumarin antibiotic;rifamycin antibiotic;diaminopyrimidine antibiotic;phenicol antibiotic;isoniazid;pleuromutilin antibiotic;triclosan;penem;benzalkonium chloride;rhodamine;antibacterial free fatty acids;nitroimidazole antibiotic	antibiotic efflux
ACT97371.1	Western Healthy adults	-3.209997574630164	0.46471518055907385	-6.907451507756619	1.1225862714172566e-9	6.174224492794911e-9	GQ342996	CfxA beta-lactamase	cephamycin	antibiotic inactivation
ACX92986.2	Western Healthy adults	-0.4455244247821441	0.09106424616495376	-4.892418743302627	5.15468966943828e-6	1.345461371344907e-5	GQ205627	ABC-F ATP-binding cassette ribosomal protection protein	macrolide antibiotic;lincosamide antibiotic;streptogramin antibiotic;tetracycline antibiotic;oxazolidinone antibiotic;phenicol antibiotic;pleuromutilin antibiotic	antibiotic target protection
AEA37904.1	Western Healthy adults	-0.3171199547437139	0.09281324180333182	-3.416753348791335	0.0010039447106438657	0.0015938916024655187	HM990671	ABC-F ATP-binding cassette ribosomal protection protein	macrolide antibiotic;lincosamide antibiotic;streptogramin antibiotic;tetracycline antibiotic;oxazolidinone antibiotic;phenicol antibiotic;pleuromutilin antibiotic	antibiotic target protection
AEP40504.1	Western Healthy adults	0.1604809250277755	0.07928780622732458	2.0240303353540097	0.04634745852797926	0.05448479857487638	JF802084	vanS;glycopeptide resistance gene cluster	glycopeptide antibiotic	antibiotic target alteration
AET10444.1	Western Healthy adults	-0.29667571470325454	0.09670400512549034	-3.0678741208108806	0.0029526100301712644	0.00429698347157069	HQ652506.1	ATP-binding cassette (ABC) antibiotic efflux pump	macrolide antibiotic;fluoroquinolone antibiotic;cephalosporin;penam;tetracycline antibiotic;peptide antibiotic;acridine dye;rifamycin antibiotic;pleuromutilin antibiotic;nitroimidazole antibiotic	antibiotic efflux
AEY83581	Western Healthy adults	-0.1657822437193794	0.06296027622371142	-2.6331244661367017	0.010174027737848193	0.013624350188074971	JQ231224	antibiotic resistant isoleucyl-tRNA synthetase (ileS)	mupirocin	antibiotic target alteration
AFH35853.1	Western Healthy adults	-2.7627514148575285	0.6244574631897435	-4.424242767065876	3.0617950286889606e-5	6.548839366918054e-5	JQ394987	major facilitator superfamily (MFS) antibiotic efflux pump	macrolide antibiotic;fluoroquinolone antibiotic;lincosamide antibiotic;fosfomycin;cephalosporin;glycylcycline;bicyclomycin;penam;nucleoside antibiotic;tetracycline antibiotic;peptide antibiotic;acridine dye;oxazolidinone antibiotic;rifamycin antibiotic;diaminopyrimidine antibiotic;phenicol antibiotic;isoniazid;benzalkonium chloride;rhodamine;antibacterial free fatty acids;nitroimidazole antibiotic	antibiotic efflux
AGN74946	Western Healthy adults	-0.6662596183584188	0.09252956750559435	-7.200505052810678	3.083267518536295e-10	1.8992927914183577e-9	KC693025	ABC-F ATP-binding cassette ribosomal protection protein	macrolide antibiotic;lincosamide antibiotic;streptogramin antibiotic;tetracycline antibiotic;oxazolidinone antibiotic;phenicol antibiotic;pleuromutilin antibiotic	antibiotic target protection
AHA41499.1	Western Healthy adults	-0.432440074604867	0.06880896120617182	-6.28464762473524	1.6789520541774128e-8	7.821897822075291e-8	KF478993	vanH;glycopeptide resistance gene cluster	glycopeptide antibiotic	antibiotic target alteration
AHA41505.1	Western Healthy adults	-0.27815141074616845	0.1099386562676362	-2.5300601279774857	0.013392598843615537	0.017331598503502462	KF478993.1	glycopeptide resistance gene cluster;vanR	glycopeptide antibiotic	antibiotic target alteration
AHB37625.1	Western Healthy adults	0.2354303582930868	0.07864533291099939	2.9935706236950694	0.0036795494109218394	0.00529580008674732	KF540226.1	ABC-F ATP-binding cassette ribosomal protection protein	macrolide antibiotic;lincosamide antibiotic;streptogramin antibiotic;tetracycline antibiotic;oxazolidinone antibiotic;phenicol antibiotic;pleuromutilin antibiotic	antibiotic target protection
AKA86814	Western Healthy adults	-0.22372401591075908	0.0548192206631667	-4.081123613292816	1.0641413797184878e-4	2.0063699212012035e-4	KP399637	ABC-F ATP-binding cassette ribosomal protection protein	macrolide antibiotic;lincosamide antibiotic;streptogramin antibiotic;tetracycline antibiotic;oxazolidinone antibiotic;phenicol antibiotic;pleuromutilin antibiotic	antibiotic target protection
AML99881.1	Western Healthy adults	-1.0711744333552797	0.3474318102881928	-3.083121353991007	0.002821011640690896	0.004217823229770854	CP014358.1	multidrug and toxic compound extrusion (MATE) transporter	fluoroquinolone antibiotic;glycylcycline;tetracycline antibiotic;acridine dye	antibiotic efflux
ANZ79240.1	Western Healthy adults	-0.22795902642156554	0.05488193301779031	-4.153626045709273	8.216092478625337e-5	1.6221515919337203e-4	KX000272.1	ATP-binding cassette (ABC) antibiotic efflux pump	macrolide antibiotic;fluoroquinolone antibiotic;cephalosporin;penam;tetracycline antibiotic;peptide antibiotic;acridine dye;rifamycin antibiotic;pleuromutilin antibiotic;nitroimidazole antibiotic	antibiotic efflux
APB03214.1	Western Healthy adults	-0.24713963670546743	0.0596592144611873	-4.142522474315345	8.549486039154298e-5	1.6666086709237493e-4	KX531044.1	major facilitator superfamily (MFS) antibiotic efflux pump	macrolide antibiotic;fluoroquinolone antibiotic;lincosamide antibiotic;fosfomycin;cephalosporin;glycylcycline;bicyclomycin;penam;nucleoside antibiotic;tetracycline antibiotic;peptide antibiotic;acridine dye;oxazolidinone antibiotic;rifamycin antibiotic;diaminopyrimidine antibiotic;phenicol antibiotic;isoniazid;benzalkonium chloride;rhodamine;antibacterial free fatty acids;nitroimidazole antibiotic	antibiotic efflux
APB03216.1	Western Healthy adults	-0.2124296746653761	0.10058669590774104	-2.1119062789398946	0.03785461566603152	0.044843160096683495	KX531046.1	Llm 23S ribosomal RNA methyltransferase	lincosamide antibiotic	antibiotic target alteration
APB03219.1	Western Healthy adults	-0.17640886587831514	0.0664202818760238	-2.655948768895464	0.009563849545576765	0.01291958622823528	KX531049.1	ATP-binding cassette (ABC) antibiotic efflux pump	macrolide antibiotic;fluoroquinolone antibiotic;cephalosporin;penam;tetracycline antibiotic;peptide antibiotic;acridine dye;rifamycin antibiotic;pleuromutilin antibiotic;nitroimidazole antibiotic	antibiotic efflux
AUI09862.1	Western Healthy adults	-0.21621494017458687	0.07739514450385643	-2.7936499319258115	0.006536781751357409	0.008908534422203901	MG649393.1	sulfonamide resistant sul	sulfonamide antibiotic	antibiotic target replacement
AVI44920.1	Western Healthy adults	-0.4742488457318687	0.06471551034508088	-7.328209933029092	1.7504623394106453e-10	1.17204869682278e-9	MF095097.1	ABC-F ATP-binding cassette ribosomal protection protein	macrolide antibiotic;lincosamide antibiotic;streptogramin antibiotic;tetracycline antibiotic;oxazolidinone antibiotic;phenicol antibiotic;pleuromutilin antibiotic	antibiotic target protection
AYV52072.1	Western Healthy adults	-0.23104053845162983	0.06742029130650665	-3.426869477636511	9.719775683303342e-4	0.0015592140158632445	CP033607.1	ATP-binding cassette (ABC) antibiotic efflux pump	macrolide antibiotic;fluoroquinolone antibiotic;lincosamide antibiotic;cephalosporin;penam;tetracycline antibiotic;peptide antibiotic;acridine dye;rifamycin antibiotic;pleuromutilin antibiotic;nitroimidazole antibiotic	antibiotic efflux
BAA11236.1	Western Healthy adults	-2.715857292323155	0.4194766005147038	-6.474395208196976	7.4150949933997135e-9	3.683627835430825e-8	D78168	major facilitator superfamily (MFS) antibiotic efflux pump	macrolide antibiotic;fluoroquinolone antibiotic;lincosamide antibiotic;fosfomycin;cephalosporin;glycylcycline;bicyclomycin;penam;nucleoside antibiotic;tetracycline antibiotic;peptide antibiotic;acridine dye;oxazolidinone antibiotic;rifamycin antibiotic;diaminopyrimidine antibiotic;phenicol antibiotic;isoniazid;benzalkonium chloride;rhodamine;antibacterial free fatty acids;nitroimidazole antibiotic	antibiotic efflux
BAA11237.1	Western Healthy adults	-1.9060175568045397	0.4671591286282702	-4.080017792654981	1.0683268411590825e-4	2.0063699212012035e-4	D78168	major facilitator superfamily (MFS) antibiotic efflux pump	macrolide antibiotic;fluoroquinolone antibiotic;lincosamide antibiotic;fosfomycin;cephalosporin;glycylcycline;bicyclomycin;penam;nucleoside antibiotic;tetracycline antibiotic;peptide antibiotic;acridine dye;oxazolidinone antibiotic;rifamycin antibiotic;diaminopyrimidine antibiotic;phenicol antibiotic;isoniazid;benzalkonium chloride;rhodamine;antibacterial free fatty acids;nitroimidazole antibiotic	antibiotic efflux
BAA15934.1	Western Healthy adults	-0.6212962490458491	0.15389986907559278	-4.037016098699082	1.243934233771441e-4	2.308022554226529e-4	AP009048	resistance-nodulation-cell division (RND) antibiotic efflux pump	macrolide antibiotic;fluoroquinolone antibiotic;monobactam;aminoglycoside antibiotic;carbapenem;glycylcycline;penam;tetracycline antibiotic;acridine dye;aminocoumarin antibiotic;diaminopyrimidine antibiotic;phenicol antibiotic;triclosan;antibacterial free fatty acids	antibiotic efflux
BAA15935.1	Western Healthy adults	-0.1352558569633851	0.061253203249487104	-2.2081434078228006	0.030133773036304847	0.03683016704437259	AP009048.1	resistance-nodulation-cell division (RND) antibiotic efflux pump	macrolide antibiotic;fluoroquinolone antibiotic;monobactam;aminoglycoside antibiotic;carbapenem;glycylcycline;penam;tetracycline antibiotic;acridine dye;aminocoumarin antibiotic;diaminopyrimidine antibiotic;phenicol antibiotic;triclosan;antibacterial free fatty acids	antibiotic efflux
BAA16547.1	Western Healthy adults	-0.9472448519302741	0.3077335806122872	-3.0781328772946153	0.0028634541451487776	0.004240114791854921	AP009048	major facilitator superfamily (MFS) antibiotic efflux pump	macrolide antibiotic;fluoroquinolone antibiotic;lincosamide antibiotic;fosfomycin;cephalosporin;glycylcycline;bicyclomycin;penam;nucleoside antibiotic;tetracycline antibiotic;peptide antibiotic;acridine dye;oxazolidinone antibiotic;rifamycin antibiotic;diaminopyrimidine antibiotic;phenicol antibiotic;isoniazid;benzalkonium chloride;rhodamine;antibacterial free fatty acids;nitroimidazole antibiotic	antibiotic efflux
BAA34300.1	Western Healthy adults	1.1850608975767443	0.1304332426360698	9.085574149860392	6.621438991425422e-14	7.843858497534731e-13	AB015853	resistance-nodulation-cell division (RND) antibiotic efflux pump	macrolide antibiotic;fluoroquinolone antibiotic;monobactam;aminoglycoside antibiotic;carbapenem;cephalosporin;glycylcycline;cephamycin;penam;tetracycline antibiotic;acridine dye;aminocoumarin antibiotic;diaminopyrimidine antibiotic;phenicol antibiotic;triclosan;antibacterial free fatty acids	antibiotic efflux
BAB38260.1	Western Healthy adults	-1.2718392202119548	0.2583429412385781	-4.923065496252206	4.573527736476825e-6	1.2513391020250432e-5	BA000007.3	resistance-nodulation-cell division (RND) antibiotic efflux pump	macrolide antibiotic;fluoroquinolone antibiotic;monobactam;aminoglycoside antibiotic;carbapenem;glycylcycline;penam;tetracycline antibiotic;acridine dye;aminocoumarin antibiotic;diaminopyrimidine antibiotic;phenicol antibiotic;triclosan;antibacterial free fatty acids	antibiotic efflux
BAE06008.1	Western Healthy adults	0.623104562307258	0.1305970089429801	4.771200867083498	8.244899041613167e-6	2.015419765727663e-5	AB219524.1	resistance-nodulation-cell division (RND) antibiotic efflux pump	macrolide antibiotic;fluoroquinolone antibiotic;monobactam;aminoglycoside antibiotic;carbapenem;glycylcycline;penam;tetracycline antibiotic;acridine dye;aminocoumarin antibiotic;diaminopyrimidine antibiotic;phenicol antibiotic;triclosan;antibacterial free fatty acids	antibiotic efflux
BAE77778.1	Western Healthy adults	-2.5241338607547372	0.6350337836244359	-3.9748024842840968	1.5478117794595354e-4	2.8042707533737466e-4	AP009048.1	resistance-nodulation-cell division (RND) antibiotic efflux pump	macrolide antibiotic;fluoroquinolone antibiotic;monobactam;aminoglycoside antibiotic;carbapenem;glycylcycline;penam;tetracycline antibiotic;acridine dye;aminocoumarin antibiotic;diaminopyrimidine antibiotic;phenicol antibiotic;triclosan;antibacterial free fatty acids	antibiotic efflux
BAE77781.1	Western Healthy adults	-2.8408347006215946	0.5369630742609434	-5.290558767996509	1.061966422519805e-6	3.2708565813609993e-6	AP009048.1	resistance-nodulation-cell division (RND) antibiotic efflux pump	macrolide antibiotic;fluoroquinolone antibiotic;monobactam;aminoglycoside antibiotic;carbapenem;glycylcycline;penam;tetracycline antibiotic;acridine dye;aminocoumarin antibiotic;diaminopyrimidine antibiotic;phenicol antibiotic;triclosan;antibacterial free fatty acids	antibiotic efflux
BAE77933.1	Western Healthy adults	-3.8373060655246425	0.4665657365168532	-8.224577514354255	3.1811375462391374e-12	2.721639900671262e-11	AP009048.1	resistance-nodulation-cell division (RND) antibiotic efflux pump	macrolide antibiotic;fluoroquinolone antibiotic;monobactam;aminoglycoside antibiotic;carbapenem;glycylcycline;penam;tetracycline antibiotic;acridine dye;aminocoumarin antibiotic;diaminopyrimidine antibiotic;phenicol antibiotic;triclosan;antibacterial free fatty acids	antibiotic efflux
BAE78082.1	Western Healthy adults	-3.033886207928307	0.622760828813973	-4.871671543160865	5.5883874575042974e-6	1.4108388007469866e-5	AP009048.1	major facilitator superfamily (MFS) antibiotic efflux pump	macrolide antibiotic;fluoroquinolone antibiotic;lincosamide antibiotic;fosfomycin;cephalosporin;glycylcycline;bicyclomycin;penam;nucleoside antibiotic;tetracycline antibiotic;peptide antibiotic;acridine dye;oxazolidinone antibiotic;rifamycin antibiotic;diaminopyrimidine antibiotic;phenicol antibiotic;isoniazid;benzalkonium chloride;rhodamine;antibacterial free fatty acids;nitroimidazole antibiotic	antibiotic efflux
BAE78083.1	Western Healthy adults	-3.1677959815417407	0.565534610217334	-5.601418417741687	2.985555897477126e-7	1.069245600491808e-6	AP009048.1	major facilitator superfamily (MFS) antibiotic efflux pump	macrolide antibiotic;fluoroquinolone antibiotic;lincosamide antibiotic;fosfomycin;cephalosporin;glycylcycline;bicyclomycin;penam;nucleoside antibiotic;tetracycline antibiotic;peptide antibiotic;acridine dye;oxazolidinone antibiotic;rifamycin antibiotic;diaminopyrimidine antibiotic;phenicol antibiotic;isoniazid;benzalkonium chloride;rhodamine;antibacterial free fatty acids;nitroimidazole antibiotic	antibiotic efflux
BAE78084.1	Western Healthy adults	-3.162316431007974	0.583600703635149	-5.418630257486746	6.318107777348234e-7	2.1151926037209305e-6	AP009048.1	major facilitator superfamily (MFS) antibiotic efflux pump	macrolide antibiotic;fluoroquinolone antibiotic;lincosamide antibiotic;fosfomycin;cephalosporin;glycylcycline;bicyclomycin;penam;nucleoside antibiotic;tetracycline antibiotic;peptide antibiotic;acridine dye;oxazolidinone antibiotic;rifamycin antibiotic;diaminopyrimidine antibiotic;phenicol antibiotic;isoniazid;benzalkonium chloride;rhodamine;antibacterial free fatty acids;nitroimidazole antibiotic	antibiotic efflux
BAE78116.1	Western Healthy adults	-1.890608423441513	0.2917880562377376	-6.479389347935196	7.256655229039881e-9	3.683627835430825e-8	AP009048	pmr phosphoethanolamine transferase	peptide antibiotic	antibiotic target alteration
BAE85478.1	Western Healthy adults	0.30840793128394495	0.06004971836545736	5.135876398403755	1.9745362005641976e-6	5.847664901670893e-6	AP008230.1	glycopeptide resistance gene cluster;vanR	glycopeptide antibiotic	antibiotic target alteration
BAJ42218.1	Western Healthy adults	-2.6726234020933717	0.5972366865358514	-4.474981966689579	2.5352152438236022e-5	5.718402661241111e-5	AP012030.1	ampC-type beta-lactamase	cephalosporin;penam	antibiotic inactivation
CAA09666.1	Western Healthy adults	-3.0163067427654213	0.5686371141754964	-5.3044493009200755	1.0040560506405895e-6	3.1556047305847097e-6	AJ011502.1	General Bacterial Porin with reduced permeability to beta-lactams	monobactam;carbapenem;cephalosporin;cephamycin;penam;penem	reduced permeability to antibiotic
CAA10975.1	Western Healthy adults	1.4749815865548408	0.12834908021510935	11.491952915305776	1.5568457447965397e-18	3.995904078311119e-17	AJ222769.3	tetracycline-resistant ribosomal protection protein	tetracycline antibiotic	antibiotic target protection
CAA23892.1	Western Healthy adults	-2.808739451568847	0.7126433061868712	-3.9412977392540496	1.7397585937563797e-4	3.115381667889331e-4	V00618.1	APH(3')	aminoglycoside antibiotic	antibiotic inactivation
CAA37477.1	Western Healthy adults	-0.5671103750024963	0.0675629249237042	-8.39381029822064	1.4866703918213682e-12	1.4699605821231184e-11	X53401	tetracycline-resistant ribosomal protection protein	tetracycline antibiotic	antibiotic target protection
CAA45050.1	Western Healthy adults	-0.25141814300633697	0.04220399266842264	-5.957212270924547	6.761736925587252e-8	2.814344558217397e-7	X63451	ABC-F ATP-binding cassette ribosomal protection protein	macrolide antibiotic;lincosamide antibiotic;streptogramin antibiotic;tetracycline antibiotic;oxazolidinone antibiotic;phenicol antibiotic;pleuromutilin antibiotic	antibiotic target protection
CAA79727.1	Western Healthy adults	1.8745222209545445	0.16768891408583506	11.178569741318924	6.081606192070765e-18	1.1707091919736223e-16	Z21523	tetracycline-resistant ribosomal protection protein	tetracycline antibiotic	antibiotic target protection
CAC14595.1	Western Healthy adults	0.6311817386088642	0.1538592278052399	4.1023326817149695	9.868522370357023e-5	1.899690556293727e-4	AJ252200	resistance-nodulation-cell division (RND) antibiotic efflux pump	macrolide antibiotic;fluoroquinolone antibiotic;monobactam;aminoglycoside antibiotic;carbapenem;glycylcycline;penam;tetracycline antibiotic;acridine dye;aminocoumarin antibiotic;diaminopyrimidine antibiotic;phenicol antibiotic;triclosan;antibacterial free fatty acids	antibiotic efflux
CAD55718.1	Western Healthy adults	-0.21779595995815773	0.0948689670649247	-2.2957555742027473	0.024341761377861496	0.029989050017525363	AJ514254	tetracycline-resistant ribosomal protection protein	tetracycline antibiotic	antibiotic target protection
CAE00499.1	Western Healthy adults	-0.24307564134232107	0.113748276971621	-2.136961084720131	0.03569503745643156	0.04294559193976922	AJ574887.1	multidrug and toxic compound extrusion (MATE) transporter	fluoroquinolone antibiotic;glycylcycline;tetracycline antibiotic;acridine dye	antibiotic efflux
CAE18141.1	Western Healthy adults	1.1436858397882448	0.12352059340005948	9.259070154270276	3.0371732956333524e-14	3.897705729396136e-13	AJ579365.1	ABC-F ATP-binding cassette ribosomal protection protein	macrolide antibiotic;lincosamide antibiotic;streptogramin antibiotic;tetracycline antibiotic;oxazolidinone antibiotic;phenicol antibiotic;pleuromutilin antibiotic	antibiotic target protection
CAJ77856.1	Western Healthy adults	0.48503379143381176	0.1581304707634314	3.067301255046783	0.0029576639479642415	0.00429698347157069	CT025801.2	resistance-nodulation-cell division (RND) antibiotic efflux pump	macrolide antibiotic;fluoroquinolone antibiotic;monobactam;aminoglycoside antibiotic;carbapenem;glycylcycline;penam;tetracycline antibiotic;acridine dye;aminocoumarin antibiotic;diaminopyrimidine antibiotic;phenicol antibiotic;triclosan;antibacterial free fatty acids	antibiotic efflux
CBH51823.1	Western Healthy adults	-0.8435602397474684	0.06338340328837838	-13.308850518951841	7.109867075787933e-22	3.6497317655711394e-20	FN594949	tetracycline-resistant ribosomal protection protein	tetracycline antibiotic	antibiotic target protection
CBI75871.1	Western Healthy adults	-0.7468443936423014	0.12265800620576046	-6.0888352643647234	3.873157731687604e-8	1.7041894019425457e-7	FN645454.1	ampC-type beta-lactamase	cephalosporin;penam	antibiotic inactivation
CBJ02047.1	Western Healthy adults	-1.7709610731822543	0.3599632736939464	-4.919838224073906	4.631579793209575e-6	1.2513391020250432e-5	FN649414.1	ampC-type beta-lactamase	cephalosporin;penam	antibiotic inactivation
CBY88983.1	Western Healthy adults	-0.22068525613126622	0.0691461286386498	-3.191577901411423	0.002031185240238098	0.003066691441143795	FR772051	ABC-F ATP-binding cassette ribosomal protection protein	macrolide antibiotic;lincosamide antibiotic;streptogramin antibiotic;tetracycline antibiotic;oxazolidinone antibiotic;phenicol antibiotic;pleuromutilin antibiotic	antibiotic target protection
CCP46065.1	Western Healthy adults	-0.16289093268674915	0.06646269905454925	-2.450862438689955	0.016460339216829708	0.02077780524091619	AL123456.3	resistance-nodulation-cell division (RND) antibiotic efflux pump	macrolide antibiotic;fluoroquinolone antibiotic;monobactam;aminoglycoside antibiotic;carbapenem;glycylcycline;penam;tetracycline antibiotic;acridine dye;aminocoumarin antibiotic;diaminopyrimidine antibiotic;phenicol antibiotic;triclosan;antibacterial free fatty acids	antibiotic efflux
CDO61513.1	Western Healthy adults	-0.24885005277523994	0.06616900989065722	-3.760824790736011	3.233432375750456e-4	5.532762065173002e-4	HG970100.1	ATP-binding cassette (ABC) antibiotic efflux pump	macrolide antibiotic;fluoroquinolone antibiotic;cephalosporin;penam;tetracycline antibiotic;peptide antibiotic;acridine dye;rifamycin antibiotic;pleuromutilin antibiotic;nitroimidazole antibiotic	antibiotic efflux
EGP45231.1	Western Healthy adults	0.41957810470599155	0.160833820599094	2.608767876949601	0.010863938100798191	0.0144228143751976	AFRQ01000061.1	resistance-nodulation-cell division (RND) antibiotic efflux pump	macrolide antibiotic;fluoroquinolone antibiotic;monobactam;aminoglycoside antibiotic;carbapenem;cephalosporin;glycylcycline;penam;tetracycline antibiotic;acridine dye;aminocoumarin antibiotic;diaminopyrimidine antibiotic;phenicol antibiotic;triclosan;antibacterial free fatty acids	antibiotic efflux
NP_252896.1	Western Healthy adults	0.48171683976067187	0.19264397515409032	2.500554919381001	0.01446958589833272	0.01841583659787801	NC_002516	resistance-nodulation-cell division (RND) antibiotic efflux pump	macrolide antibiotic;fluoroquinolone antibiotic;monobactam;aminoglycoside antibiotic;carbapenem;glycylcycline;penam;tetracycline antibiotic;acridine dye;aminocoumarin antibiotic;diaminopyrimidine antibiotic;phenicol antibiotic;triclosan;antibacterial free fatty acids	antibiotic efflux
NP_388442.1	Western Healthy adults	-0.22422708559044432	0.0681239311471878	-3.291458402569015	0.0014914819446236432	0.002310345266228038	NC_000964.3	ABC-F ATP-binding cassette ribosomal protection protein	macrolide antibiotic;lincosamide antibiotic;streptogramin antibiotic;tetracycline antibiotic;oxazolidinone antibiotic;phenicol antibiotic;pleuromutilin antibiotic	antibiotic target protection
NP_418574.1	Western Healthy adults	-2.5647519572999777	0.6107864936476011	-4.199097367041215	6.976815742829336e-5	1.395363148565867e-4	NC_000913.3	ampC-type beta-lactamase	cephalosporin;penam	antibiotic inactivation
NP_862226.1	Western Healthy adults	-0.44398760636257173	0.05207128886625142	-8.526533835238524	8.184009685059969e-13	9.002410653565966e-12	NC_004939.1	major facilitator superfamily (MFS) antibiotic efflux pump	macrolide antibiotic;fluoroquinolone antibiotic;lincosamide antibiotic;fosfomycin;cephalosporin;glycylcycline;bicyclomycin;penam;nucleoside antibiotic;tetracycline antibiotic;peptide antibiotic;acridine dye;oxazolidinone antibiotic;rifamycin antibiotic;diaminopyrimidine antibiotic;phenicol antibiotic;isoniazid;benzalkonium chloride;rhodamine;antibacterial free fatty acids;nitroimidazole antibiotic	antibiotic efflux
SIP52035.1	Western Healthy adults	-0.3120190600346718	0.07266699347869805	-4.293820964619082	4.947555349005275e-5	1.0296263834416383e-4	LT673656.1	resistance-nodulation-cell division (RND) antibiotic efflux pump	macrolide antibiotic;fluoroquinolone antibiotic;monobactam;aminoglycoside antibiotic;carbapenem;cephalosporin;glycylcycline;cephamycin;penam;tetracycline antibiotic;peptide antibiotic;acridine dye;aminocoumarin antibiotic;diaminopyrimidine antibiotic;sulfonamide antibiotic;phenicol antibiotic;triclosan;penem;antibacterial free fatty acids	antibiotic efflux
SOX29786.1	Western Healthy adults	-0.9969564632370507	0.08432157213303912	-11.823267024292356	3.726154304082967e-19	1.147655525657554e-17	LT970863.1	ABC-F ATP-binding cassette ribosomal protection protein	macrolide antibiotic;lincosamide antibiotic;streptogramin antibiotic;tetracycline antibiotic;oxazolidinone antibiotic;phenicol antibiotic;pleuromutilin antibiotic	antibiotic target protection
